{"cameraMode":{"drawMode":0,"name":"Shaded","section":"Shading Mode"},"sceneLighting":true,"audioPlay":false,"sceneViewState":{"m_AlwaysRefresh":false,"showFog":true,"showSkybox":true,"showFlares":true,"showImageEffects":true,"showParticleSystems":true,"showVisualEffectGraphs":true,"m_FxEnabled":true},"in2DMode":false,"pivot":{"x":4.486732482910156,"y":1.6721553802490235,"z":0.3563065528869629},"rotation":{"x":0.26568523049354555,"y":-0.21858280897140504,"z":0.061966799199581149,"w":0.936939001083374},"size":4.612971305847168,"orthographic":false}