{"cameraMode":{"drawMode":0,"name":"Shaded","section":"Shading Mode"},"sceneLighting":false,"audioPlay":false,"sceneViewState":{"m_AlwaysRefresh":false,"showFog":true,"showSkybox":false,"showFlares":true,"showImageEffects":true,"showParticleSystems":true,"showVisualEffectGraphs":true,"m_FxEnabled":true},"in2DMode":false,"pivot":{"x":-0.3149118423461914,"y":0.803341269493103,"z":-0.15923327207565309},"rotation":{"x":0.06701032817363739,"y":-0.23481535911560059,"z":0.01622248999774456,"w":0.9696009755134583},"size":0.8660253882408142,"orthographic":false}